id,name,category,source,source_url,accessed,tam_A_C,sam_low,sam_base,sam_high,tam_B,sam_B_low,sam_B_base,sam_B_high,eligibility_status,eligibility_reason
F001,ธนาคารกรุงศรีอยุธยา จำกัด (มหาชน),Bank,E01,https://www.bot.or.th/th/our-roles/payment-systems/payment-act-oversight/business-provider.html,2026-09-25,1,0,1,1,0,0,0,0,สมมติฐานคัดกลุ่ม ไม่ยืนยัน pain/งบ/บริการปัจจุบัน,รวมในขอบเขตจำลอง consumer-account review; ไม่อนุมานคุณสมบัติจากใบอนุญาตเพียงอย่างเดียว
F002,ธนาคารกรุงเทพ จำกัด (มหาชน),Bank,E01,https://www.bot.or.th/th/our-roles/payment-systems/payment-act-oversight/business-provider.html,2026-09-25,1,0,0,1,0,0,0,0,สมมติฐานคัดกลุ่ม ไม่ยืนยัน pain/งบ/บริการปัจจุบัน,รวมในขอบเขตจำลอง consumer-account review; ไม่อนุมานคุณสมบัติจากใบอนุญาตเพียงอย่างเดียว
F003,ธนาคารกรุงไทย จำกัด (มหาชน),Bank,E01,https://www.bot.or.th/th/our-roles/payment-systems/payment-act-oversight/business-provider.html,2026-09-25,1,0,1,1,0,0,0,0,สมมติฐานคัดกลุ่ม ไม่ยืนยัน pain/งบ/บริการปัจจุบัน,รวมในขอบเขตจำลอง consumer-account review; ไม่อนุมานคุณสมบัติจากใบอนุญาตเพียงอย่างเดียว
F004,ธนาคารกสิกรไทย จำกัด (มหาชน),Bank,E01,https://www.bot.or.th/th/our-roles/payment-systems/payment-act-oversight/business-provider.html,2026-09-25,1,0,1,1,0,0,0,0,สมมติฐานคัดกลุ่ม ไม่ยืนยัน pain/งบ/บริการปัจจุบัน,รวมในขอบเขตจำลอง consumer-account review; ไม่อนุมานคุณสมบัติจากใบอนุญาตเพียงอย่างเดียว
F005,ธนาคารคลิกซ์ จำกัด (มหาชน),Bank,E01,https://www.bot.or.th/th/our-roles/payment-systems/payment-act-oversight/business-provider.html,2026-09-25,1,0,0,0,0,0,0,0,สมมติฐานคัดกลุ่ม ไม่ยืนยัน pain/งบ/บริการปัจจุบัน,รวมในขอบเขตจำลอง consumer-account review; ไม่อนุมานคุณสมบัติจากใบอนุญาตเพียงอย่างเดียว
F006,ธนาคารซิตี้แบงก์ เอ็น.เอ.,Bank,E01,https://www.bot.or.th/th/our-roles/payment-systems/payment-act-oversight/business-provider.html,2026-09-25,0,0,0,0,0,0,0,0,สมมติฐานคัดกลุ่ม ไม่ยืนยัน pain/งบ/บริการปัจจุบัน,ยังไม่รวมในขอบเขตเริ่มต้น ต้องตรวจ use case ก่อน; ไม่อนุมานคุณสมบัติจากใบอนุญาตเพียงอย่างเดียว
F007,ธนาคารซีไอเอ็มบี ไทย จำกัด (มหาชน),Bank,E01,https://www.bot.or.th/th/our-roles/payment-systems/payment-act-oversight/business-provider.html,2026-09-25,1,0,0,1,0,0,0,0,สมมติฐานคัดกลุ่ม ไม่ยืนยัน pain/งบ/บริการปัจจุบัน,รวมในขอบเขตจำลอง consumer-account review; ไม่อนุมานคุณสมบัติจากใบอนุญาตเพียงอย่างเดียว
F008,ธนาคารซูมิโตโม มิตซุย ทรัสต์ (ไทย) จำกัด (มหาชน),Bank,E01,https://www.bot.or.th/th/our-roles/payment-systems/payment-act-oversight/business-provider.html,2026-09-25,0,0,0,0,0,0,0,0,สมมติฐานคัดกลุ่ม ไม่ยืนยัน pain/งบ/บริการปัจจุบัน,ยังไม่รวมในขอบเขตเริ่มต้น ต้องตรวจ use case ก่อน; ไม่อนุมานคุณสมบัติจากใบอนุญาตเพียงอย่างเดียว
F009,ธนาคารซูมิโตโม มิตซุย แบงกิ้ง คอร์ปอเรชั่น,Bank,E01,https://www.bot.or.th/th/our-roles/payment-systems/payment-act-oversight/business-provider.html,2026-09-25,0,0,0,0,0,0,0,0,สมมติฐานคัดกลุ่ม ไม่ยืนยัน pain/งบ/บริการปัจจุบัน,ยังไม่รวมในขอบเขตเริ่มต้น ต้องตรวจ use case ก่อน; ไม่อนุมานคุณสมบัติจากใบอนุญาตเพียงอย่างเดียว
F010,ธนาคารดอยซ์แบงก์,Bank,E01,https://www.bot.or.th/th/our-roles/payment-systems/payment-act-oversight/business-provider.html,2026-09-25,0,0,0,0,0,0,0,0,สมมติฐานคัดกลุ่ม ไม่ยืนยัน pain/งบ/บริการปัจจุบัน,ยังไม่รวมในขอบเขตเริ่มต้น ต้องตรวจ use case ก่อน; ไม่อนุมานคุณสมบัติจากใบอนุญาตเพียงอย่างเดียว
F011,ธนาคารทหารไทยธนชาต จำกัด (มหาชน),Bank,E01,https://www.bot.or.th/th/our-roles/payment-systems/payment-act-oversight/business-provider.html,2026-09-25,1,0,1,1,0,0,0,0,สมมติฐานคัดกลุ่ม ไม่ยืนยัน pain/งบ/บริการปัจจุบัน,รวมในขอบเขตจำลอง consumer-account review; ไม่อนุมานคุณสมบัติจากใบอนุญาตเพียงอย่างเดียว
F012,ธนาคารทิสโก้ จำกัด (มหาชน),Bank,E01,https://www.bot.or.th/th/our-roles/payment-systems/payment-act-oversight/business-provider.html,2026-09-25,1,0,0,0,0,0,0,0,สมมติฐานคัดกลุ่ม ไม่ยืนยัน pain/งบ/บริการปัจจุบัน,รวมในขอบเขตจำลอง consumer-account review; ไม่อนุมานคุณสมบัติจากใบอนุญาตเพียงอย่างเดียว
F013,ธนาคารบีเอ็นพี พารีบาส์,Bank,E01,https://www.bot.or.th/th/our-roles/payment-systems/payment-act-oversight/business-provider.html,2026-09-25,0,0,0,0,0,0,0,0,สมมติฐานคัดกลุ่ม ไม่ยืนยัน pain/งบ/บริการปัจจุบัน,ยังไม่รวมในขอบเขตเริ่มต้น ต้องตรวจ use case ก่อน; ไม่อนุมานคุณสมบัติจากใบอนุญาตเพียงอย่างเดียว
F014,ธนาคารพัฒนาวิสาหกิจขนาดกลางและขนาดย่อมแห่งประเทศไทย,Bank,E01,https://www.bot.or.th/th/our-roles/payment-systems/payment-act-oversight/business-provider.html,2026-09-25,0,0,0,0,0,0,0,0,สมมติฐานคัดกลุ่ม ไม่ยืนยัน pain/งบ/บริการปัจจุบัน,ยังไม่รวมในขอบเขตเริ่มต้น ต้องตรวจ use case ก่อน; ไม่อนุมานคุณสมบัติจากใบอนุญาตเพียงอย่างเดียว
F015,ธนาคารมิซูโฮ จำกัด สาขากรุงเทพฯ,Bank,E01,https://www.bot.or.th/th/our-roles/payment-systems/payment-act-oversight/business-provider.html,2026-09-25,0,0,0,0,0,0,0,0,สมมติฐานคัดกลุ่ม ไม่ยืนยัน pain/งบ/บริการปัจจุบัน,ยังไม่รวมในขอบเขตเริ่มต้น ต้องตรวจ use case ก่อน; ไม่อนุมานคุณสมบัติจากใบอนุญาตเพียงอย่างเดียว
F016,ธนาคารยูโอบี จำกัด (มหาชน),Bank,E01,https://www.bot.or.th/th/our-roles/payment-systems/payment-act-oversight/business-provider.html,2026-09-25,1,0,0,1,0,0,0,0,สมมติฐานคัดกลุ่ม ไม่ยืนยัน pain/งบ/บริการปัจจุบัน,รวมในขอบเขตจำลอง consumer-account review; ไม่อนุมานคุณสมบัติจากใบอนุญาตเพียงอย่างเดียว
F017,ธนาคารสแตนดาร์ดชาร์เตอร์ด (ไทย) จำกัด (มหาชน),Bank,E01,https://www.bot.or.th/th/our-roles/payment-systems/payment-act-oversight/business-provider.html,2026-09-25,0,0,0,0,0,0,0,0,สมมติฐานคัดกลุ่ม ไม่ยืนยัน pain/งบ/บริการปัจจุบัน,ยังไม่รวมในขอบเขตเริ่มต้น ต้องตรวจ use case ก่อน; ไม่อนุมานคุณสมบัติจากใบอนุญาตเพียงอย่างเดียว
F018,ธนาคารออมสิน,Bank,E01,https://www.bot.or.th/th/our-roles/payment-systems/payment-act-oversight/business-provider.html,2026-09-25,1,0,1,1,0,0,0,0,สมมติฐานคัดกลุ่ม ไม่ยืนยัน pain/งบ/บริการปัจจุบัน,รวมในขอบเขตจำลอง consumer-account review; ไม่อนุมานคุณสมบัติจากใบอนุญาตเพียงอย่างเดียว
F019,ธนาคารอาคารสงเคราะห์,Bank,E01,https://www.bot.or.th/th/our-roles/payment-systems/payment-act-oversight/business-provider.html,2026-09-25,1,0,0,0,0,0,0,0,สมมติฐานคัดกลุ่ม ไม่ยืนยัน pain/งบ/บริการปัจจุบัน,รวมในขอบเขตจำลอง consumer-account review; ไม่อนุมานคุณสมบัติจากใบอนุญาตเพียงอย่างเดียว
F020,ธนาคารอาร์ เอช บี จำกัด,Bank,E01,https://www.bot.or.th/th/our-roles/payment-systems/payment-act-oversight/business-provider.html,2026-09-25,0,0,0,0,0,0,0,0,สมมติฐานคัดกลุ่ม ไม่ยืนยัน pain/งบ/บริการปัจจุบัน,ยังไม่รวมในขอบเขตเริ่มต้น ต้องตรวจ use case ก่อน; ไม่อนุมานคุณสมบัติจากใบอนุญาตเพียงอย่างเดียว
F021,ธนาคารอินเดียน โอเวอร์ซีส์,Bank,E01,https://www.bot.or.th/th/our-roles/payment-systems/payment-act-oversight/business-provider.html,2026-09-25,0,0,0,0,0,0,0,0,สมมติฐานคัดกลุ่ม ไม่ยืนยัน pain/งบ/บริการปัจจุบัน,ยังไม่รวมในขอบเขตเริ่มต้น ต้องตรวจ use case ก่อน; ไม่อนุมานคุณสมบัติจากใบอนุญาตเพียงอย่างเดียว
F022,ธนาคารอิสลามแห่งประเทศไทย,Bank,E01,https://www.bot.or.th/th/our-roles/payment-systems/payment-act-oversight/business-provider.html,2026-09-25,1,0,0,0,0,0,0,0,สมมติฐานคัดกลุ่ม ไม่ยืนยัน pain/งบ/บริการปัจจุบัน,รวมในขอบเขตจำลอง consumer-account review; ไม่อนุมานคุณสมบัติจากใบอนุญาตเพียงอย่างเดียว
F023,ธนาคารฮ่องกงและเซี่ยงไฮ้แบงกิ้งคอร์ปอเรชั่น,Bank,E01,https://www.bot.or.th/th/our-roles/payment-systems/payment-act-oversight/business-provider.html,2026-09-25,0,0,0,0,0,0,0,0,สมมติฐานคัดกลุ่ม ไม่ยืนยัน pain/งบ/บริการปัจจุบัน,ยังไม่รวมในขอบเขตเริ่มต้น ต้องตรวจ use case ก่อน; ไม่อนุมานคุณสมบัติจากใบอนุญาตเพียงอย่างเดียว
F024,ธนาคารเกียรตินาคินภัทร จำกัด (มหาชน),Bank,E01,https://www.bot.or.th/th/our-roles/payment-systems/payment-act-oversight/business-provider.html,2026-09-25,1,0,0,1,0,0,0,0,สมมติฐานคัดกลุ่ม ไม่ยืนยัน pain/งบ/บริการปัจจุบัน,รวมในขอบเขตจำลอง consumer-account review; ไม่อนุมานคุณสมบัติจากใบอนุญาตเพียงอย่างเดียว
F025,ธนาคารเจพีมอร์แกน เชส,Bank,E01,https://www.bot.or.th/th/our-roles/payment-systems/payment-act-oversight/business-provider.html,2026-09-25,0,0,0,0,0,0,0,0,สมมติฐานคัดกลุ่ม ไม่ยืนยัน pain/งบ/บริการปัจจุบัน,ยังไม่รวมในขอบเขตเริ่มต้น ต้องตรวจ use case ก่อน; ไม่อนุมานคุณสมบัติจากใบอนุญาตเพียงอย่างเดียว
F026,ธนาคารเพื่อการส่งออกและนำเข้าแห่งประเทศไทย,Bank,E01,https://www.bot.or.th/th/our-roles/payment-systems/payment-act-oversight/business-provider.html,2026-09-25,0,0,0,0,0,0,0,0,สมมติฐานคัดกลุ่ม ไม่ยืนยัน pain/งบ/บริการปัจจุบัน,ยังไม่รวมในขอบเขตเริ่มต้น ต้องตรวจ use case ก่อน; ไม่อนุมานคุณสมบัติจากใบอนุญาตเพียงอย่างเดียว
F027,ธนาคารเพื่อการเกษตรและสหกรณ์การเกษตร,Bank,E01,https://www.bot.or.th/th/our-roles/payment-systems/payment-act-oversight/business-provider.html,2026-09-25,1,0,0,0,0,0,0,0,สมมติฐานคัดกลุ่ม ไม่ยืนยัน pain/งบ/บริการปัจจุบัน,รวมในขอบเขตจำลอง consumer-account review; ไม่อนุมานคุณสมบัติจากใบอนุญาตเพียงอย่างเดียว
F028,ธนาคารเมกะ สากลพาณิชย์ จำกัด (มหาชน),Bank,E01,https://www.bot.or.th/th/our-roles/payment-systems/payment-act-oversight/business-provider.html,2026-09-25,0,0,0,0,0,0,0,0,สมมติฐานคัดกลุ่ม ไม่ยืนยัน pain/งบ/บริการปัจจุบัน,ยังไม่รวมในขอบเขตเริ่มต้น ต้องตรวจ use case ก่อน; ไม่อนุมานคุณสมบัติจากใบอนุญาตเพียงอย่างเดียว
F029,ธนาคารแลนด์ แอนด์ เฮ้าส์ จำกัด (มหาชน),Bank,E01,https://www.bot.or.th/th/our-roles/payment-systems/payment-act-oversight/business-provider.html,2026-09-25,1,0,0,0,0,0,0,0,สมมติฐานคัดกลุ่ม ไม่ยืนยัน pain/งบ/บริการปัจจุบัน,รวมในขอบเขตจำลอง consumer-account review; ไม่อนุมานคุณสมบัติจากใบอนุญาตเพียงอย่างเดียว
F030,ธนาคารแห่งประเทศจีน (ไทย) จำกัด (มหาชน),Bank,E01,https://www.bot.or.th/th/our-roles/payment-systems/payment-act-oversight/business-provider.html,2026-09-25,1,0,0,0,0,0,0,0,สมมติฐานคัดกลุ่ม ไม่ยืนยัน pain/งบ/บริการปัจจุบัน,รวมในขอบเขตจำลอง consumer-account review; ไม่อนุมานคุณสมบัติจากใบอนุญาตเพียงอย่างเดียว
F031,ธนาคารแห่งอเมริกาเนชั่นแนล แอสโซซิเอชั่น,Bank,E01,https://www.bot.or.th/th/our-roles/payment-systems/payment-act-oversight/business-provider.html,2026-09-25,0,0,0,0,0,0,0,0,สมมติฐานคัดกลุ่ม ไม่ยืนยัน pain/งบ/บริการปัจจุบัน,ยังไม่รวมในขอบเขตเริ่มต้น ต้องตรวจ use case ก่อน; ไม่อนุมานคุณสมบัติจากใบอนุญาตเพียงอย่างเดียว
F032,ธนาคารโอเวอร์ซี-ไชนีสแบงกิ้ง คอร์ปอเรชั่น จำกัด,Bank,E01,https://www.bot.or.th/th/our-roles/payment-systems/payment-act-oversight/business-provider.html,2026-09-25,0,0,0,0,0,0,0,0,สมมติฐานคัดกลุ่ม ไม่ยืนยัน pain/งบ/บริการปัจจุบัน,ยังไม่รวมในขอบเขตเริ่มต้น ต้องตรวจ use case ก่อน; ไม่อนุมานคุณสมบัติจากใบอนุญาตเพียงอย่างเดียว
F033,ธนาคารไทยพาณิชย์ จำกัด (มหาชน),Bank,E01,https://www.bot.or.th/th/our-roles/payment-systems/payment-act-oversight/business-provider.html,2026-09-25,1,0,1,1,0,0,0,0,สมมติฐานคัดกลุ่ม ไม่ยืนยัน pain/งบ/บริการปัจจุบัน,รวมในขอบเขตจำลอง consumer-account review; ไม่อนุมานคุณสมบัติจากใบอนุญาตเพียงอย่างเดียว
F034,ธนาคารไทยเครดิต จำกัด (มหาชน),Bank,E01,https://www.bot.or.th/th/our-roles/payment-systems/payment-act-oversight/business-provider.html,2026-09-25,1,0,0,1,0,0,0,0,สมมติฐานคัดกลุ่ม ไม่ยืนยัน pain/งบ/บริการปัจจุบัน,รวมในขอบเขตจำลอง consumer-account review; ไม่อนุมานคุณสมบัติจากใบอนุญาตเพียงอย่างเดียว
F035,ธนาคารไอซีบีซี (ไทย) จำกัด (มหาชน),Bank,E01,https://www.bot.or.th/th/our-roles/payment-systems/payment-act-oversight/business-provider.html,2026-09-25,1,0,0,0,0,0,0,0,สมมติฐานคัดกลุ่ม ไม่ยืนยัน pain/งบ/บริการปัจจุบัน,รวมในขอบเขตจำลอง consumer-account review; ไม่อนุมานคุณสมบัติจากใบอนุญาตเพียงอย่างเดียว
F036,บริษัท คาเธ่ย์เพย์ (ประเทศไทย) จำกัด,eMoney,E01,https://www.bot.or.th/th/our-roles/payment-systems/payment-act-oversight/business-provider.html,2026-09-25,1,1,1,1,0,0,0,0,สมมติฐานคัดกลุ่ม ไม่ยืนยัน pain/งบ/บริการปัจจุบัน,รวมในขอบเขตจำลอง consumer-account review; ไม่อนุมานคุณสมบัติจากใบอนุญาตเพียงอย่างเดียว
F037,บริษัท จีเพย์ เน็ตเวิร์ค (ที) จำกัด,eMoney,E01,https://www.bot.or.th/th/our-roles/payment-systems/payment-act-oversight/business-provider.html,2026-09-25,1,0,0,0,0,0,0,0,สมมติฐานคัดกลุ่ม ไม่ยืนยัน pain/งบ/บริการปัจจุบัน,รวมในขอบเขตจำลอง consumer-account review; ไม่อนุมานคุณสมบัติจากใบอนุญาตเพียงอย่างเดียว
F038,บริษัท ช้อปปี้เพย์ (ประเทศไทย) จำกัด,eMoney,E01,https://www.bot.or.th/th/our-roles/payment-systems/payment-act-oversight/business-provider.html,2026-09-25,1,1,1,1,0,0,0,0,สมมติฐานคัดกลุ่ม ไม่ยืนยัน pain/งบ/บริการปัจจุบัน,รวมในขอบเขตจำลอง consumer-account review; ไม่อนุมานคุณสมบัติจากใบอนุญาตเพียงอย่างเดียว
F039,บริษัท ซุปเปอร์ริช ดิจิทัล จำกัด,eMoney,E01,https://www.bot.or.th/th/our-roles/payment-systems/payment-act-oversight/business-provider.html,2026-09-25,1,0,0,0,0,0,0,0,สมมติฐานคัดกลุ่ม ไม่ยืนยัน pain/งบ/บริการปัจจุบัน,รวมในขอบเขตจำลอง consumer-account review; ไม่อนุมานคุณสมบัติจากใบอนุญาตเพียงอย่างเดียว
F040,บริษัท ดีเทอร์มิน่า จำกัด,eMoney,E01,https://www.bot.or.th/th/our-roles/payment-systems/payment-act-oversight/business-provider.html,2026-09-25,1,0,0,0,0,0,0,0,สมมติฐานคัดกลุ่ม ไม่ยืนยัน pain/งบ/บริการปัจจุบัน,รวมในขอบเขตจำลอง consumer-account review; ไม่อนุมานคุณสมบัติจากใบอนุญาตเพียงอย่างเดียว
F041,บริษัท ทรู มันนี่ จำกัด,eMoney,E01,https://www.bot.or.th/th/our-roles/payment-systems/payment-act-oversight/business-provider.html,2026-09-25,1,1,1,1,0,0,0,0,สมมติฐานคัดกลุ่ม ไม่ยืนยัน pain/งบ/บริการปัจจุบัน,รวมในขอบเขตจำลอง consumer-account review; ไม่อนุมานคุณสมบัติจากใบอนุญาตเพียงอย่างเดียว
F042,บริษัท ทีทูพี จำกัด,eMoney,E01,https://www.bot.or.th/th/our-roles/payment-systems/payment-act-oversight/business-provider.html,2026-09-25,1,1,1,1,0,0,0,0,สมมติฐานคัดกลุ่ม ไม่ยืนยัน pain/งบ/บริการปัจจุบัน,รวมในขอบเขตจำลอง consumer-account review; ไม่อนุมานคุณสมบัติจากใบอนุญาตเพียงอย่างเดียว
F043,บริษัท ทูซีทูพี พลัส (ประเทศไทย) จำกัด,eMoney,E01,https://www.bot.or.th/th/our-roles/payment-systems/payment-act-oversight/business-provider.html,2026-09-25,1,1,1,1,0,0,0,0,สมมติฐานคัดกลุ่ม ไม่ยืนยัน pain/งบ/บริการปัจจุบัน,รวมในขอบเขตจำลอง consumer-account review; ไม่อนุมานคุณสมบัติจากใบอนุญาตเพียงอย่างเดียว
F044,บริษัท บลูเพย์ จำกัด,eMoney,E01,https://www.bot.or.th/th/our-roles/payment-systems/payment-act-oversight/business-provider.html,2026-09-25,1,0,0,1,0,0,0,0,สมมติฐานคัดกลุ่ม ไม่ยืนยัน pain/งบ/บริการปัจจุบัน,รวมในขอบเขตจำลอง consumer-account review; ไม่อนุมานคุณสมบัติจากใบอนุญาตเพียงอย่างเดียว
F045,บริษัท บางกอก สมาร์ทการ์ด ซิสเทม จำกัด,eMoney,E01,https://www.bot.or.th/th/our-roles/payment-systems/payment-act-oversight/business-provider.html,2026-09-25,0,0,0,0,0,0,0,0,สมมติฐานคัดกลุ่ม ไม่ยืนยัน pain/งบ/บริการปัจจุบัน,ยังไม่รวมในขอบเขตเริ่มต้น ต้องตรวจ use case ก่อน; ไม่อนุมานคุณสมบัติจากใบอนุญาตเพียงอย่างเดียว
F046,บริษัท บิ๊ก เพย์ (ประเทศไทย) จำกัด,eMoney,E01,https://www.bot.or.th/th/our-roles/payment-systems/payment-act-oversight/business-provider.html,2026-09-25,1,0,0,0,0,0,0,0,สมมติฐานคัดกลุ่ม ไม่ยืนยัน pain/งบ/บริการปัจจุบัน,รวมในขอบเขตจำลอง consumer-account review; ไม่อนุมานคุณสมบัติจากใบอนุญาตเพียงอย่างเดียว
F047,บริษัท ฟอร์ท สมาร์ท เซอร์วิส จำกัด (มหาชน),eMoney,E01,https://www.bot.or.th/th/our-roles/payment-systems/payment-act-oversight/business-provider.html,2026-09-25,1,0,0,0,0,0,0,0,สมมติฐานคัดกลุ่ม ไม่ยืนยัน pain/งบ/บริการปัจจุบัน,รวมในขอบเขตจำลอง consumer-account review; ไม่อนุมานคุณสมบัติจากใบอนุญาตเพียงอย่างเดียว
F048,บริษัท รีเซิร์ฟเพย์ จำกัด,eMoney,E01,https://www.bot.or.th/th/our-roles/payment-systems/payment-act-oversight/business-provider.html,2026-09-25,1,1,1,1,0,0,0,0,สมมติฐานคัดกลุ่ม ไม่ยืนยัน pain/งบ/บริการปัจจุบัน,รวมในขอบเขตจำลอง consumer-account review; ไม่อนุมานคุณสมบัติจากใบอนุญาตเพียงอย่างเดียว
F049,บริษัท สวัสดีช้อป จำกัด,eMoney,E01,https://www.bot.or.th/th/our-roles/payment-systems/payment-act-oversight/business-provider.html,2026-09-25,1,1,1,1,0,0,0,0,สมมติฐานคัดกลุ่ม ไม่ยืนยัน pain/งบ/บริการปัจจุบัน,รวมในขอบเขตจำลอง consumer-account review; ไม่อนุมานคุณสมบัติจากใบอนุญาตเพียงอย่างเดียว
F050,บริษัท อินเซปชั่น เทคโนโลยี จำกัด,eMoney,E01,https://www.bot.or.th/th/our-roles/payment-systems/payment-act-oversight/business-provider.html,2026-09-25,1,0,0,0,0,0,0,0,สมมติฐานคัดกลุ่ม ไม่ยืนยัน pain/งบ/บริการปัจจุบัน,รวมในขอบเขตจำลอง consumer-account review; ไม่อนุมานคุณสมบัติจากใบอนุญาตเพียงอย่างเดียว
F051,บริษัท เซ็นดิท วอลเล็ท จำกัด,eMoney,E01,https://www.bot.or.th/th/our-roles/payment-systems/payment-act-oversight/business-provider.html,2026-09-25,1,0,0,0,0,0,0,0,สมมติฐานคัดกลุ่ม ไม่ยืนยัน pain/งบ/บริการปัจจุบัน,รวมในขอบเขตจำลอง consumer-account review; ไม่อนุมานคุณสมบัติจากใบอนุญาตเพียงอย่างเดียว
F052,บริษัท เซ็นทรัล เพย์เม้นท์ จำกัด,eMoney,E01,https://www.bot.or.th/th/our-roles/payment-systems/payment-act-oversight/business-provider.html,2026-09-25,0,0,0,0,0,0,0,0,สมมติฐานคัดกลุ่ม ไม่ยืนยัน pain/งบ/บริการปัจจุบัน,ยังไม่รวมในขอบเขตเริ่มต้น ต้องตรวจ use case ก่อน; ไม่อนุมานคุณสมบัติจากใบอนุญาตเพียงอย่างเดียว
F053,บริษัท เพย์พาล (ประเทศไทย) จำกัด,eMoney,E01,https://www.bot.or.th/th/our-roles/payment-systems/payment-act-oversight/business-provider.html,2026-09-25,1,0,0,0,0,0,0,0,สมมติฐานคัดกลุ่ม ไม่ยืนยัน pain/งบ/บริการปัจจุบัน,รวมในขอบเขตจำลอง consumer-account review; ไม่อนุมานคุณสมบัติจากใบอนุญาตเพียงอย่างเดียว
F054,บริษัท เหลียนเหลียน เพย์ อิเล็คทรอนิค เพย์เม้นท์ (ประเทศไทย) จำกัด,eMoney,E01,https://www.bot.or.th/th/our-roles/payment-systems/payment-act-oversight/business-provider.html,2026-09-25,1,0,0,0,0,0,0,0,สมมติฐานคัดกลุ่ม ไม่ยืนยัน pain/งบ/บริการปัจจุบัน,รวมในขอบเขตจำลอง consumer-account review; ไม่อนุมานคุณสมบัติจากใบอนุญาตเพียงอย่างเดียว
F055,บริษัท เอซียู เพย์ (ไทยแลนด์) จำกัด,eMoney,E01,https://www.bot.or.th/th/our-roles/payment-systems/payment-act-oversight/business-provider.html,2026-09-25,1,0,0,0,0,0,0,0,สมมติฐานคัดกลุ่ม ไม่ยืนยัน pain/งบ/บริการปัจจุบัน,รวมในขอบเขตจำลอง consumer-account review; ไม่อนุมานคุณสมบัติจากใบอนุญาตเพียงอย่างเดียว
F056,บริษัท เอ็มโอแอล เพย์เมนท์ จำกัด,eMoney,E01,https://www.bot.or.th/th/our-roles/payment-systems/payment-act-oversight/business-provider.html,2026-09-25,1,1,1,1,0,0,0,0,สมมติฐานคัดกลุ่ม ไม่ยืนยัน pain/งบ/บริการปัจจุบัน,รวมในขอบเขตจำลอง consumer-account review; ไม่อนุมานคุณสมบัติจากใบอนุญาตเพียงอย่างเดียว
F057,บริษัท เฮลโลเพย์ จำกัด,eMoney,E01,https://www.bot.or.th/th/our-roles/payment-systems/payment-act-oversight/business-provider.html,2026-09-25,1,0,0,0,0,0,0,0,สมมติฐานคัดกลุ่ม ไม่ยืนยัน pain/งบ/บริการปัจจุบัน,รวมในขอบเขตจำลอง consumer-account review; ไม่อนุมานคุณสมบัติจากใบอนุญาตเพียงอย่างเดียว
F058,บริษัท แฟลช เพย์ จำกัด,eMoney,E01,https://www.bot.or.th/th/our-roles/payment-systems/payment-act-oversight/business-provider.html,2026-09-25,1,1,1,1,0,0,0,0,สมมติฐานคัดกลุ่ม ไม่ยืนยัน pain/งบ/บริการปัจจุบัน,รวมในขอบเขตจำลอง consumer-account review; ไม่อนุมานคุณสมบัติจากใบอนุญาตเพียงอย่างเดียว
F059,บริษัท แมกซ์ การ์ด จำกัด,eMoney,E01,https://www.bot.or.th/th/our-roles/payment-systems/payment-act-oversight/business-provider.html,2026-09-25,0,0,0,0,0,0,0,0,สมมติฐานคัดกลุ่ม ไม่ยืนยัน pain/งบ/บริการปัจจุบัน,ยังไม่รวมในขอบเขตเริ่มต้น ต้องตรวจ use case ก่อน; ไม่อนุมานคุณสมบัติจากใบอนุญาตเพียงอย่างเดียว
F060,บริษัท แอดวานซ์ เอ็มเปย์ จำกัด,eMoney,E01,https://www.bot.or.th/th/our-roles/payment-systems/payment-act-oversight/business-provider.html,2026-09-25,1,1,1,1,0,0,0,0,สมมติฐานคัดกลุ่ม ไม่ยืนยัน pain/งบ/บริการปัจจุบัน,รวมในขอบเขตจำลอง consumer-account review; ไม่อนุมานคุณสมบัติจากใบอนุญาตเพียงอย่างเดียว
F061,บริษัท โอมิเซะ จำกัด,eMoney,E01,https://www.bot.or.th/th/our-roles/payment-systems/payment-act-oversight/business-provider.html,2026-09-25,1,1,1,1,0,0,0,0,สมมติฐานคัดกลุ่ม ไม่ยืนยัน pain/งบ/บริการปัจจุบัน,รวมในขอบเขตจำลอง consumer-account review; ไม่อนุมานคุณสมบัติจากใบอนุญาตเพียงอย่างเดียว
F062,บริษัท ไทยสมาร์ทคาร์ด จำกัด,eMoney,E01,https://www.bot.or.th/th/our-roles/payment-systems/payment-act-oversight/business-provider.html,2026-09-25,0,0,0,0,0,0,0,0,สมมติฐานคัดกลุ่ม ไม่ยืนยัน pain/งบ/บริการปัจจุบัน,ยังไม่รวมในขอบเขตเริ่มต้น ต้องตรวจ use case ก่อน; ไม่อนุมานคุณสมบัติจากใบอนุญาตเพียงอย่างเดียว
F063,บริษัท ไทยไมโคร ดิจิทัล โซลูชั่นส์ จำกัด,eMoney,E01,https://www.bot.or.th/th/our-roles/payment-systems/payment-act-oversight/business-provider.html,2026-09-25,1,0,0,0,0,0,0,0,สมมติฐานคัดกลุ่ม ไม่ยืนยัน pain/งบ/บริการปัจจุบัน,รวมในขอบเขตจำลอง consumer-account review; ไม่อนุมานคุณสมบัติจากใบอนุญาตเพียงอย่างเดียว
F064,บริษัท ไปโป้ (ทีเอช) จำกัด,eMoney,E01,https://www.bot.or.th/th/our-roles/payment-systems/payment-act-oversight/business-provider.html,2026-09-25,1,0,0,0,0,0,0,0,สมมติฐานคัดกลุ่ม ไม่ยืนยัน pain/งบ/บริการปัจจุบัน,รวมในขอบเขตจำลอง consumer-account review; ไม่อนุมานคุณสมบัติจากใบอนุญาตเพียงอย่างเดียว
F065,บริษัท ไลน์ เพย์ (ประเทศไทย) จำกัด,eMoney,E01,https://www.bot.or.th/th/our-roles/payment-systems/payment-act-oversight/business-provider.html,2026-09-25,1,1,1,1,0,0,0,0,สมมติฐานคัดกลุ่ม ไม่ยืนยัน pain/งบ/บริการปัจจุบัน,รวมในขอบเขตจำลอง consumer-account review; ไม่อนุมานคุณสมบัติจากใบอนุญาตเพียงอย่างเดียว
F066,บริษัท ไวส์ เพย์เม้นส์ (ประเทศไทย) จำกัด,eMoney,E01,https://www.bot.or.th/th/our-roles/payment-systems/payment-act-oversight/business-provider.html,2026-09-25,1,0,0,0,0,0,0,0,สมมติฐานคัดกลุ่ม ไม่ยืนยัน pain/งบ/บริการปัจจุบัน,รวมในขอบเขตจำลอง consumer-account review; ไม่อนุมานคุณสมบัติจากใบอนุญาตเพียงอย่างเดียว
F067,บริษัท ไวเพย์ จำกัด,eMoney,E01,https://www.bot.or.th/th/our-roles/payment-systems/payment-act-oversight/business-provider.html,2026-09-25,1,0,0,0,0,0,0,0,สมมติฐานคัดกลุ่ม ไม่ยืนยัน pain/งบ/บริการปัจจุบัน,รวมในขอบเขตจำลอง consumer-account review; ไม่อนุมานคุณสมบัติจากใบอนุญาตเพียงอย่างเดียว
F068,บริษัท ไอพี เพย์เมนท์ โซลูชั่น จำกัด,eMoney,E01,https://www.bot.or.th/th/our-roles/payment-systems/payment-act-oversight/business-provider.html,2026-09-25,1,0,0,0,0,0,0,0,สมมติฐานคัดกลุ่ม ไม่ยืนยัน pain/งบ/บริการปัจจุบัน,รวมในขอบเขตจำลอง consumer-account review; ไม่อนุมานคุณสมบัติจากใบอนุญาตเพียงอย่างเดียว
P01,SEEK Group / Jobsdb TH,Job / gig platform group,P01,https://developer.seek.com/introduction,2026-09-25,0,0,0,0,1,0,0,0,รายชื่อผู้ซื้อสมมติ ไม่ใช่ลูกค้าเป้าหมายที่ตอบรับ,กลุ่มเดียวกับ Jobstreet; มี SIFT อยู่แล้ว
P02,THiNKNET / JobThai,Job / gig platform group,P02,https://www.jobthai.com/static/file/rate-card-th-11-11-68.pdf,2026-09-25,0,0,0,0,1,1,1,1,รายชื่อผู้ซื้อสมมติ ไม่ใช่ลูกค้าเป้าหมายที่ตอบรับ,ผู้ให้บริการประกาศงาน; ยังไม่ยืนยันปริมาณ abuse
P03,JOBBKK,Job / gig platform group,P03,https://www.jobbkk.com/,2026-09-25,0,0,0,0,1,1,1,1,รายชื่อผู้ซื้อสมมติ ไม่ใช่ลูกค้าเป้าหมายที่ตอบรับ,ผู้ให้บริการประกาศงาน; ยังไม่ยืนยันปริมาณ abuse
P04,TOPGUN / JOBTOPGUN,Job / gig platform group,P04,https://www.jobtopgun.com/th/contact-us,2026-09-25,0,0,0,0,1,0,1,1,รายชื่อผู้ซื้อสมมติ ไม่ใช่ลูกค้าเป้าหมายที่ตอบรับ,ผู้ให้บริการประกาศงาน; ยังไม่ยืนยันปริมาณ abuse
P05,WorkVenture,Job / gig platform group,P05,https://www.workventure.com/en/aboutus,2026-09-25,0,0,0,0,1,0,1,1,รายชื่อผู้ซื้อสมมติ ไม่ใช่ลูกค้าเป้าหมายที่ตอบรับ,แพลตฟอร์มงาน/นายจ้าง; ยังไม่ยืนยันปริมาณ abuse
P06,Jobmyway,Job / gig platform group,P06,https://www.jobmyway.com/,2026-09-25,0,0,0,0,1,0,0,1,รายชื่อผู้ซื้อสมมติ ไม่ใช่ลูกค้าเป้าหมายที่ตอบรับ,ผู้ให้บริการประกาศงาน; ยังไม่ยืนยันงบ/ปริมาณ abuse
P07,Daywork,Job / gig platform group,P07,https://daywork.co/,2026-09-25,0,0,0,0,1,1,1,1,รายชื่อผู้ซื้อสมมติ ไม่ใช่ลูกค้าเป้าหมายที่ตอบรับ,แพลตฟอร์มงาน; รูปแบบการจ้างต่างจากเว็บประกาศ
P08,Fastwork,Job / gig platform group,P08,https://fastwork.co/fastwork-expo,2026-09-25,0,0,0,0,1,0,0,1,รายชื่อผู้ซื้อสมมติ ไม่ใช่ลูกค้าเป้าหมายที่ตอบรับ,งานฟรีแลนซ์/ประกาศจ้าง; กลไกคุ้มครองการจ่ายเงินเป็นวิธีทดแทน
P09,GetLinks,Job / gig platform group,P09,https://getlinks.com/en/about,2026-09-25,0,0,0,0,1,0,0,1,รายชื่อผู้ซื้อสมมติ ไม่ใช่ลูกค้าเป้าหมายที่ตอบรับ,แพลตฟอร์ม talent หลายประเทศ; งบรวมยังไม่ทราบ
